portfolio,total_return,sharpe
Strategy,0.07834505365032984,0.7782844306814637
Benchmark_60_40,0.07967354197497634,0.778533442920795
